{
  "app_name": "JENS火灾烟雾报警系统",
  "version": "1.0.0",
  "icons": {
    "app_icon": "icons/JENS_app_icon.svg",
    "normal": "icons/JENS_normal.svg",
    "warning": "icons/JENS_warning.svg",
    "alarm": "icons/JENS_alarm.svg"
  },
  "sounds": {
    "alarm": "sounds/JENS_alarm.wav",
    "warning": "sounds/JENS_warning.wav"
  },
  "styles": {
    "light": "styles/JENS_main.css",
    "dark": "styles/JENS_dark.qss"
  },
  "paths": {
    "models_dir": "../JENS_models",
    "data_dir": "../JENS_data",
    "logs_dir": "../logs",
    "temp_dir": "../JENS_temp"
  },
  "defaults": {
    "theme": "light",
    "language": "zh_CN",
    "detection_interval": 100,
    "camera_index": 0
  }
} 